2024-12-01T00:25:16.000Z	Invest in Bitcoin.	https://www.reddit.com/r/AskPH/comments/1h3czfc/youre_given_a_chance_to_say_three_words_to_your/lzsoego/		en	Cryptocurrency	invest, bitcoin	0.23	neutral	[9, 3, 6]
2024-12-01T00:06:29.000Z	Craving seafood boil but im tryna be a good noodle and save money	https://x.com/siahozuna/status/1863011752708813302	fde50e809c697b041728825f8d4efcfd0be5c40c	en	Finance	save, noodle, good, money, seafood boil, craving, good noodle, seafood, tryna, save money, boil, craving seafood	0.72	desire	[12]
2024-12-01T00:36:43.000Z	Well, there's JFK, RFK, MLK, Iraq War, there are others but, just saying I agree with the most recent !	https://x.com/Howitzer30K/status/1863019358835929381	1829312c3da33bed290fda1b4820b3c0729ffab3	en	Politics	MLK, mlk, iraq, RFK, jfk, iraq war, recent, agree, JFK, rfk, war	0.14	approval	[11, 7]
2024-12-01T00:39:01.000Z	im having a hard time putting my lil Christmas gift list together 😭	https://x.com/slimsayyy/status/1863019937955975279		en	Finance	lil christmas, list, hard time, gift, hard, putting, christmas, time putting, lil, gift list, time, christmas gift	0.16	sadness	[1, 12, 6]
2024-12-01T00:11:51.000Z	"Be part of the future with #Mozo, an innovative Web3 #AI project. Join us today! 
@Mozo_xyz"	https://x.com/KhanhLe82693648/status/1863013101144334522	40c170cd5c9b1d222b9badbfe39c12f1dc3dfa5e	en	Technology	project, xyz, mozo, part, #ai, today, #AI, join, innovative, future	0.64	neutral	[3, 7]
2024-12-01T00:59:25.000Z	The tip options on top of auto gratuity is fairly standard from my experience. Not sure about the staff only getting half of it though	https://reddit.com/r/vancouver/comments/1h3r4nf/odd_payment_practice_at_nightclub/lzstytp/	37bed73c2a7917f6e92bcd2afa83b76a6cf737e6	en	Finance	tip, auto gratuity, half, not, tip options, top, auto, the, fairly, staff, experience, gratuity, standard, fairly standard, options	0.23	confusion	[12, 7]
2024-12-01T00:26:57.000Z	"I appreciate the perspectives and news roundup but the whole ""Open AI is in trouble"" headline is misleading click-bait. Despite whatever theoretical performance advances other models may have, OpenAI's 4o-Canvas/Creative mode is a game changer for creatives everywhere."	https://x.com/Kaelon/status/1863016904266334569	53682d323233099d3164734f2acefa92eb80423b	en	Technology	creative mode, misleading click-bait, trouble, misleading, mode, openai's, changer, advances, game, canvas, creative, headline, roundup, perspectives, models, theoretical, performance, click-bait, open, openai, creatives	0.02	admiration	[6, 7]
2024-12-01T00:00:48.000Z	I mean you don’t need AI to kill off Hollywood.  Rising expenses has been enough of an incentive to film elsewhere.	https://www.reddit.com/r/television/comments/1h3nb9k/cate_blanchett_fears_ai_will_be_incredibly/lzskb2w/		en	Entertainment	film, rising, hollywood, rising expenses, expenses, incentive, kill	0.48	neutral	[3, 14, 7]
God is with me."	https://x.com/Daddy_Bliss/status/1863022446124691936	30a6b70c8c27ec848ef8504f38428281228b9d26	en	Finance	extremely glorious, supernatural, ramifications, attract, financial, extremely, god, attract supernatural, blessings, prosperity, supernatural blessings, abundance, month, heritage, glorious, winning, financial prosperity, life, sides	0.89	admiration	[3, 12, 7]
2024-12-01T00:44:32.000Z	不向日本要战争赔偿，是中共的决定。毫不利己专门利人也是中共的宣传。这从来不是中国传统文化的主张。实际上易中天也被中共的宣传洗脑了。穷则独善其身 达则兼济天下，这才是真正中国传统文化的精髓，这也是易中天讲的下有保底上有封顶的文化。	https://x.com/Peter20220405/status/1863021327445098687	dc7a6749411210356d5db8ea1db6e224c9fe7e87	zh	Politics	war, bottom, party, middle, CPC, compensation, communist party, seek war, traditional chinese, chinese communist, fact, decision, interest, idea, (CPC), cpc, traditional, chinese traditional, communist, culture, chinese culture, essence, propaganda, japan, chinese, brainwashed, war compensation, (cpc), seek, east	-0.47	neutral	[3, 1, 11]
2024-12-01T00:46:37.000Z	"My ★★★ review of The Tomorrow War on 
:"	https://x.com/baekhyunswift/status/1863021852811051029	71407fe7510ea74610d620261ca56677f3538779	en	Politics	tomorrow, the, review, war, letterboxd, tomorrow war	0.01	neutral	[3, 11, 7]
#margex is a fraudulent crypto platform! If you’re unable to withdraw or facing issues after buying Ethereum, USDT, or other cryptocurrencies, message me now for help!
#margex #virgochain #virgo #ymcoin #qezee #SCAM #ScamAlert #Defiscam #Cryptoscam"	https://x.com/wozniak_0utreac/status/1863016112201273704	8860bef517b146888e66e109a022127f7322c3d0	en	Cryptocurrency	#SCAM, unable, ymcoin, withdraw, crypto, #scam, qezee, investors, SCAM, virgochain, USDT, platform, virgo, cryptocurrencies, scam, fraudulent, defiscam, scamalert, ethereum, fraudulent crypto, margex, usdt, listen, buying ethereum, listen investors, cryptoscam, crypto platform, message	-0.63	neutral	[9, 3, 7]
Brace yourselves  Pumpfun, the game changer in the Bitcoin ecosystem is almost here 
brace, game changer, pumpfun, changer, expect, token creation, private, testing, brace, bitcoin ecosystem, sneak, bitcoin, creation, meme token, private testing, ecosystem, the, one-click, token"	-0.23	neutral	[9, 3, 7]
2024-12-01T00:48:32.000Z	"And the contempt for the audience/consumer behind it. Like, these 3-armed portraits or half-gibberish stories are ""good enough"" for the masses. I can\'t as a creator say I don\'t have my moments of ego, but I don\'t shovel out the typical AI product while bellowing YOU HAD BETTER BE AMAZED LUDDITES. "	https://bsky.app/profile/laurelvolk.bsky.social/post/3lc7f7cp47k2s	a36f4da028e2c5f885f0e4535b81fcf61f54ebb9	en	Entertainment	shovel, YOU, amazed luddites, audience, stories, AMAZED, creator, luddites, half-gibberish stories, don, ego, you, contempt, had, good, portraits, BETTER, bellowing, consumer, product, better, half-gibberish, AMAZED LUDDITES, moments, typical, HAD, amazed, masses, LUDDITES	0.5	neutral	[3, 14, 7]
2024-12-01T00:44:45.000Z	Total Russian soldiers killed in Ukraine is approx. 750,000. Russia suffered far more casualties in World War II, with an estimated 6,750,000 soldiers and 7,200,000 civilians killed. Bottom line, Russia will prevail by sheer force of numbers and willingness to sacrifice all.	https://x.com/JacobKoenig19/status/1863021381228888439	7b6c3dd5b3d704fe12966a729f4c527bb0e99c0d	en	Politics	willingness, line, estimated, russia suffered, numbers, suffered, civilians, total, killed, sheer, world war, world, prevail, soldiers, war, russia, russian, ukraine, russian soldiers, casualties, force, bottom, total russian	-0.53	neutral	[3, 11, 7]
2024-12-01T01:03:26.000Z	I want a tax system that recognises that personal wealth beyond a certain amount is sucking so much money out of the economy that we are struggling to provide basic services for our community. Where did it go? It went to those who cannot spend it fast enough to reintegrate it back into the economy. 	https://bsky.app/profile/svetovid.bsky.social/post/3lc7fzxu7xc2b	6972c2fbee88d7175ab3b84f7b702d8adc694543	en	Finance	amount, back, wealth, tax, economy, money, tax system, system, recognises, community, provide, spend, personal, ('i, basic services, basic, personal wealth, struggling, fast, sucking, provide basic, reintegrate, ('I, services	-0.54	curiosity	[12, 7]
2024-12-01T00:40:30.000Z	I can imagine the indigestion, but I can understand why he'd want to be on comfortable terms in order to discuss those damn tariffs.	https://x.com/17frosted/status/1863020310838350165	dcc1ac52d91bf968ae7d0188f197d1f5183e2752	en	Finance	damn, comfortable terms, understand, comfortable, discuss, tariffs, order, damn tariffs, terms, imagine, indigestion	-0.06	neutral	[1, 12]
2024-12-01T00:39:24.000Z	12月8日が近づいてきた．昔は「大詔奉戴日」（たいしょうほうたいび）つまり「アメリカ，イギリスと戦争を始めるよ」というありがたいお言葉を神様から頂き奉った日でした．	https://x.com/tadamago/status/1863020036971176410	8bca78f17d47466116777caf700272097c0e3791	ja	Politics	approaching, daisho, hotaibi, united, united states, god gave, states, united kingdom, start, war, kingdom, daisho hotaibi, god, gave, “we, past, day, december, words	0.42	neutral	[3, 11, 7]
総資産：493億6,900万円(前期比+11.39%)"	https://x.com/kessan_db/status/1863016021537562775	fe6d4c0b0847ad5ddc477549c78feb074e4f64fe	ja	Finance	financial results, code, japan, notice, billion, net, securities code, paper, total, million, securities, million yen, yen, fiscal, fiscal period, sales, miyagi, period, income, financial, results, surplus, earnings, previous	0.33	neutral	[3, 12, 7]
2024-12-01T00:39:32.000Z	Bitcoin hands down. 55% per year is nothing to shake a stick at. No trading, just buy and hold. Simple.	https://www.reddit.com/r/investing/comments/1h3el7n/whats_the_best_investment_you_ever_made/lzsqqah/		en	Cryptocurrency	bitcoin hands, hands, bitcoin, trading, simple, year, hold, buy, stick, shake	-0.54	neutral	[9, 3, 7]
2024-12-01T00:32:32.000Z	Donald DOGE Makes Plans To Benefits Healthcare and. Using AI to filter through who & what... The movie Minority Report comes to mind.	https://www.youtube.com/watch?v=ELWK5a7fuio&lc=UgyFH_kw761ff-lztzt4AaABAg		en	Entertainment	movie, minority report, benefits healthcare, the, benefits, report, healthcare, donald, plans, makes plans, makes, filter, minority, doge makes, mind, DOGE, doge, donald doge	0.15	neutral	[3, 14, 7]
2024-12-01T01:02:18.000Z	戦争になって餓死者が出たら全部財務の責任	https://x.com/kwater1970/status/1863025798762082568	26f6b55563c1021d0411919a15e7c19aa1361e60	ja	Finance	financial, responsibilities, all, financial responsibilities, death, war	-0.19	neutral	[3, 12, 7]
2024-12-01T00:46:00.000Z	Its not always sunshine and high bank accounts im a locksmith and the investment is atleast 30-50k to start making money. Tools, stock, ads and constant courses .  The market is also saturated and getting worse.	https://x.com/calum_mercer/status/1863021698242552179	db0af847cda56bb981cb2f551b5215b42162e722	en	Investing	atleast, high, money, constant, its, making, locksmith, sunshine, bank, start making, tools, start, ads, worse, investment, accounts, market, high bank, bank accounts, the, saturated, making money, stock	-0.54	annoyance	[3, 7]
2024-12-01T00:34:19.000Z	In bull market the majority. Bubble is coming now so people will be wiped out.	https://x.com/zwade0119/status/1863018758899470467	5c227f59bb95cce40db9669442fd715487a436f2	en	Economy	wiped, people, bull, coming, majority, bubble, bull market, market	-0.07	neutral	[6, 7]
2024-12-01T00:39:07.000Z	“Slow”…you’re being so generous and charitable that you should be able to deduct that from your tax return 🤣🤣 	https://bsky.app/profile/emchi85.bsky.social/post/3lc7eoifhj227	15eccda5f9d196224697f762f4c95d0685c82188	en	Finance	tax, tax return, charitable, slow, return, deduct, generous	0.74	approval	[12]
2024-12-01T00:31:21.000Z	"If they had addressed the genocide of Georgians in Abkhazia in 1992-93 properly, or in 2008 when Russia invaded the country and accepted these countries into NATO, there would've been no Crimea in 2014, no Syria in 2015, and no current war in Ukraine. We would not be witnessing atrocities against millions of Ukrainians and the kidnapping of tens of thousands of Ukrainian children, among other acts of terrorism committed by Russia. 
The only people who truly see through this Orwellian gaslighting and have actual clarity about what's happening, ironically, are those who are least protected from Russia, and yet, against all odds, are still not brainwashed by them --Ukrainians and Georgians!"	https://reddit.com/r/ukraine/comments/1h3ej4z/the_song_i_will_not_give_up_without_a_fight_of/lzspedg/	f00fdef8fb8c41a1bcf4c458629768131688e365	en	People	addressed, ukrainians, syria, russia invaded, u.s., country, war, U.S., accepted, georgians, nato, russia, ukrainian, countries, current, current war, ukrainian children, genocide, russian, crimea, abkhazia, invaded, properly, ukraine, NATO	-0.61	disappointment	[2, 3, 7]
2024-12-01T00:37:46.000Z	Whaaaaat pero are you family members millionaires? 	https://bsky.app/profile/claugerena.bsky.social/post/3lc7em2vbcc2e	6137b141cf2d95bc448c06bed03d7ff9b4622cc8	en	Finance	members, whaaaaat, whaaaaat pero, pero, family members, family, millionaires, members millionaires	0.0	neutral	[3, 12, 7]
2024-12-01T01:05:51.000Z	"The market is on the rise, and $TUSK, an animated character designed and voiced by Elon Musk, combined with AI, is gaining speed. Get in early to capitalize on this 1000x coin opportunity! 
FfLpuMNAb9ztZRRCdvijgmQFzDkEpgQMHToooL7Rpump"	https://x.com/MichealPhone/status/1863026691645350328	9ce40bc00dfd6887d8bb3dd84cddd922fe456c6d	en	Cryptocurrency	"early, animated, rise, market, speed, TUSK, character, get, tusk, SOL, elon musk, the, elon, gaining, $tusk, capitalize, coin, designed, voiced, gaining speed, animated character, musk, sol, $TUSK, opportunity, 
2024-12-01T00:17:40.000Z	The biggest buckets of govt spending are related to healthcare, the military, and social security. There's no way an administration that wants to get reelected or have any support from Congress is going to successfully cut those things in a meaningful way that impacts the debt.	https://x.com/cjd11/status/1863014566738681971	4bafad85d57967a98969c7d3530d82d26d3c5af0	en	Finance	govt spending, biggest, healthcare, meaningful, administration, debt, security, spending, congress, related, support, reelected, social security, impacts, military, things, buckets, govt, successfully, the, social, cut, biggest buckets	-0.06	disapproval	[9, 12, 7]
""Se ha habilitado por parte del Tesoro Público una cuenta ..."	https://x.com/caminante49/status/1863018125194572253		es	Finance	mail, national police, staff, receiving, pay, public, public treasury, the, treasury, enabled, agents, floods, asked, disaster, police, valencia, disaster caused, national, caused, e-mail, reconstruction, treasury account, salaries, account	0.27	neutral	[3, 12, 7]
2024-12-01T00:37:47.000Z	 No way that rat is going from one war zone to another. It's jew heaven for Zelsinky. Bal Harbor Fla. with a million dollar luxury cigarette boat parked on the canal in front of his luxury mansion crawling with rent boys in teh cocaine capital of the world.	https://boards.4channel.org/pol/thread/490058277#p490060741	9bed5104004c5fe4e3e46673da174472bff1360a	en	Politics	heaven, crawling, war zone, dollar, war, harbor, mansion, canal, boat, front, million, bal, fla, world, bal harbor, zelsinky, zone, parked, cigarette, jew, luxury, rat	-0.26	neutral	[3, 1, 11]
2024-12-01T00:55:37.000Z	@atlsos1 we go send am to Saudi collect 40 mil from them	https://x.com/lolujubril/status/1863024117957394798	b408e6460e6660c6b4e64979db55a7073bcf6009	en	Finance	saudi collect, send, mil, atlsos1, collect, saudi	0.19	neutral	[12]
2024-12-01T01:04:25.000Z	I can't use it, tried to pay with http://crypto.com visa, but payments always get rejected	https://x.com/AiMathMusic/status/1863026333514711539	06386b21c6b07f10c263ac6b3698ecdd3fd8a289	en	Cryptocurrency	tried, pay, rejected, crypto, visa, payments	-0.48	disapproval	[9, 6, 7]
2024-12-01T00:39:56.000Z	I have a little tradition that I’m bringing over from Twitter. I post some of my art pictures or my landscape photography every now and then. \nSo here we go! ❤️\n\nGoodnight from California.\nThis is my pic,\nThe Joshua Tree. \n11/30/24\n(ACS) \n#originalart\n#art \n\n**This is my art and not Ai.” 	https://bsky.app/profile/anniesage.bsky.social/post/3lc7epxgtf22q	5f081bd5ddd279370fdfec760906cb2c790f3c51	en	Social	joshua, nso, i’m, art, ('I, ngoodnight, acs, twitter, joshua tree, art pictures, ('i, originalart, landscape photography, nthe joshua, tree, ai”, post, pictures, ACS, ai., landscape, bringing, tradition, pic, nthis, nthe, photography	-0.05	love	[3, 7, 15]
2024-12-01T01:05:34.000Z	Je viens de rentrer de l'anniversaire de ma cousine j'ai rencontré une fille je pense que c'est la femme de ma vie les gars	https://x.com/yanis2twitt3rV2/status/1863026621965345257	465b6fb4454a9ce83e458ab578bae22de225c54e	fr	Social	met, girl, home, woman, cousin, cousin birthday, guys, life, birthday, life guys	0.21	love	[3, 7, 15]
2024-12-01T00:37:05.000Z	With looking at a 636 for a first bike you definitely want to budget in hospital bills and or bail bonds	https://www.reddit.com/r/motorcycles/comments/1h3lgwm/financial_stability_for_a_motorcycle/lzsqbvq/		en	Finance	budget, bills, bike, bail bonds, bail, hospital, bonds, hospital bills	-0.08	neutral	[12]
2024-12-01T00:28:53.000Z	We will witness a big trade war	https://x.com/IbrahimmiSami/status/1863017390746841180	75cf981e4c6d6b32139784ea806d750ceeef3ff1	en	Economy	trade, big, witness, war, big trade, trade war	0.07	neutral	[6, 7]
 Encourages crypto enthusiasts to stake €50+ of $BCUT.
, serve, potential, BCUT, enthusiasts, drawing, crypto, bcut, casual, $BCUT
, point, newcomers, competitions, stakeholders competitions, stake, onlookers, encourages crypto, converts, curiosity, entry point, encourages, entry, crypto enthusiasts"	0.56	neutral	[9, 7]
2024-12-01T00:46:08.000Z	Aye, I mean unless there is some unreasonable wait, you dont cut.	https://www.reddit.com/r/Cruise/comments/1h3qoav/buffet_lines_are_stupid/lzsrt0e/		en	Finance	wait, cut, aye, unreasonable wait, unreasonable, dont cut, dont	-0.32	neutral	[3, 12]
2024-12-01T00:39:11.000Z	şu memnuniyet merkezi neredeyse adresini verin bari sizin problemi çözmeye niyetiniz yok anladığım kadarıyla @EnginAksoy72 @Aras_B_iynemli #Halep #XRP #Bitcoin #SONDAKİKA	https://x.com/RID65SEA/status/1863019982172348715		tr	Cryptocurrency	address, iynemli, pleased, enginaksoy72, #SONDAKİKA, halep, pleased center, #sondaki̇ka, center, #XRP, sondaki̇ka, xrp, aras, give, bitcoin, SONDAKİKA, #xrp, XRP	0.47	neutral	[9, 7]
2024-12-01T00:44:39.000Z	"Normale Welt: Kann nur ein AI generiertes Bild sein.
2024-12-01T00:57:30.000Z	My favorite place to shop!! They make it easy to compare	https://x.com/TheGreenNursery/status/1863024589498126521	2f2e657d449825bc18529cf571046807f4a88c7a	en	Finance	place, shop, make, easy, favorite place, compare, favorite	0.88	love	[12, 7]
2024-12-01T00:19:47.000Z	Convert #Crypto to Fiat	https://x.com/theaiwhitepaper/status/1863015099063025891	898cf578772f37d836f1d189808f888b708d7258	en	Cryptocurrency	fiat, crypto, convert	0.15	neutral	[9, 3, 7]
2024-12-01T01:09:25.000Z	"Want to supercharge your content calendar? Try using AI strategies like personalization and predictive analytics for better engagement! Share your thoughts below!
#ai #machinelearning #business #technology #datascience #tech  #deeplearning #robotics #innovation #bigdata"	https://x.com/every_digi/status/1863027588026830936	412a66cd7d770b499f10eb867e47879935eee79f	en	Technology	deeplearning, thoughts, try, personalization, innovation, robotics, calendar, tech, technology, bigdata, content calendar, machinelearning, share, strategies, analytics, supercharge, datascience, engagement, business, content, predictive	0.48	neutral	[7]
My credit limit is not increasing while I have borrowed money many times from Payrupik."	https://x.com/Gaurav523032911/status/1863015176187916508	0f67ce4f67a994f32d12ac651cb439c22f8565cf	en	Finance	credit, money, borrowed, credit limit, borrowed money, payrupik, increasing, limit, times	0.14	neutral	[12, 7]
#RTY #Russle2000 #Crypto
#XRPL #Crypto $ETH $XRP #XRP #XRPCommunity $BTC $ADA $SUI $SOL $DOGE #Altseason $AVAX $LINK $DOT #XRPArmy #XRPHolders #ETH$BCH#Bitcoin #BTC $GOLD $ATOM $DXY $BNB #ADA
#Altcoins XRP ETF #bullrun #FOMC #LTC $LTC"	https://x.com/MrQ_MrQ1/status/1863011731834093572	cc44adad06c9f14f82e9fddd0f7118e2b0f5464b	en	Cryptocurrency	"xrpcommunity, $dxy, $ADA, ETF, doge, RTY, DOT, $DXY, $eth, XRP, #xrpholders, $BNB, $XRP, xrpholders, #LTC, #btc, $bnb, bitcoin, GOLD, $link, BCH, XRP ETF, xrpl, bch, #FOMC, $gold, $doge, SOL, gold, ADA, #XRP, #BTC, LINK, $DOGE, #xrpcommunity, $xrp, highest monthly, altcoins xrp, $SOL, $BTC, DOGE, sol, $avax, $GOLD, avax, dot, link, ETH, ltc, $LTC, #fomc, atom, eth, sui, $DOT, $btc, #ltc, $dot, etf, $ETH, dxy, btc, $sui, $LINK, AVAX, $SUI, XRPL, $AVAX, #xrp, #xrparmy, $ada, LTC, xrp, ada, BTC, xrp etf, $ATOM, $sol, rty, altseason, xrp highest, ATOM, crypto, $ltc, $atom, crypto
